jct,workloads,scheduler
1.0219226822967595,Kmeans,YARN
1.295081967,Kmeans,Toposch-n
1.0103883199592758,Kmeans,YARN
1.319672131,Kmeans,Toposch-n
1.057377049,Kmeans,YARN
1.319672131,Kmeans,Toposch-n
1.057377049,Kmeans,YARN
1.344262295,Kmeans,Toposch-n
1.12295082,Kmeans,YARN
1.2704918029999999,Kmeans,Toposch-n
1.155737705,Kmeans,YARN
1.409836066,Kmeans,Toposch-n
1.163934426,Kmeans,YARN
1.393442623,Kmeans,Toposch-n
1.1475409840000002,Kmeans,YARN
1.368852459,Kmeans,Toposch-n
1.172131148,Kmeans,YARN
1.426229508,Kmeans,Toposch-n
1.18852459,Kmeans,YARN
1.368852459,Kmeans,Toposch-n
1.155737705,Kmeans,YARN
1.393442623,Kmeans,Toposch-n
1.155737705,Kmeans,YARN
1.4016393440000001,Kmeans,Toposch-n
1.1475409840000002,Kmeans,YARN
1.368852459,Kmeans,Toposch-n
1.163934426,Kmeans,YARN
1.409836066,Kmeans,Toposch-n
1.180327869,Kmeans,YARN
1.4016393440000001,Kmeans,Toposch-n
1.172131148,Kmeans,YARN
1.4180327869999998,Kmeans,Toposch-n
1.180327869,Kmeans,YARN
1.4180327869999998,Kmeans,Toposch-n
1.163934426,Kmeans,YARN
1.4016393440000001,Kmeans,Toposch-n
1.155737705,Kmeans,YARN
1.4180327869999998,Kmeans,Toposch-n
1.155737705,Kmeans,YARN
1.393442623,Kmeans,Toposch-n
1.163934426,Kmeans,YARN
1.368852459,Kmeans,Toposch-n
1.172131148,Kmeans,YARN
1.426229508,Kmeans,Toposch-n
1.180327869,Kmeans,YARN
1.393442623,Kmeans,Toposch-n
1.1475409840000002,Kmeans,YARN
1.409836066,Kmeans,Toposch-n
1.180327869,Kmeans,YARN
1.393442623,Kmeans,Toposch-n
1.18852459,Kmeans,YARN
1.409836066,Kmeans,Toposch-n
1.18852459,Kmeans,YARN
1.393442623,Kmeans,Toposch-n
1.163934426,Kmeans,YARN
1.426229508,Kmeans,Toposch-n
1.18852459,Kmeans,YARN
1.426229508,Kmeans,Toposch-n
1.172131148,Kmeans,YARN
1.4180327869999998,Kmeans,Toposch-n
1.155737705,Kmeans,YARN
1.368852459,Kmeans,Toposch-n
1.18852459,Kmeans,YARN
1.368852459,Kmeans,Toposch-n
1.1475409840000002,Kmeans,YARN
1.368852459,Kmeans,Toposch-n
1.180327869,Kmeans,YARN
1.37704918,Kmeans,Toposch-n
1.163934426,Kmeans,YARN
1.426229508,Kmeans,Toposch-n
1.18852459,Kmeans,YARN
1.4180327869999998,Kmeans,Toposch-n
1.155737705,Kmeans,YARN
1.4180327869999998,Kmeans,Toposch-n
1.18852459,Kmeans,YARN
1.3852459019999999,Kmeans,Toposch-n
1.1475409840000002,Kmeans,YARN
1.37704918,Kmeans,Toposch-n
1.172131148,Kmeans,YARN
1.409836066,Kmeans,Toposch-n
1.18852459,Kmeans,YARN
1.4016393440000001,Kmeans,Toposch-n
1.155737705,Kmeans,YARN
1.368852459,Kmeans,Toposch-n
1.180327869,Kmeans,YARN
1.409836066,Kmeans,Toposch-n
1.1475409840000002,Kmeans,YARN
1.393442623,Kmeans,Toposch-n
1.180327869,Kmeans,YARN
1.368852459,Kmeans,Toposch-n
1.18852459,Kmeans,YARN
1.426229508,Kmeans,Toposch-n
1.1475409840000002,Kmeans,YARN
1.426229508,Kmeans,Toposch-n
1.180327869,Kmeans,YARN
1.3852459019999999,Kmeans,Toposch-n
1.1475409840000002,Kmeans,YARN
1.368852459,Kmeans,Toposch-n
1.172131148,Kmeans,YARN
1.4016393440000001,Kmeans,Toposch-n
1.180327869,Kmeans,YARN
1.393442623,Kmeans,Toposch-n
1.18852459,Kmeans,YARN
1.4180327869999998,Kmeans,Toposch-n
1.155737705,Kmeans,YARN
1.3852459019999999,Kmeans,Toposch-n
1.163934426,Kmeans,YARN
1.409836066,Kmeans,Toposch-n
1.172131148,Kmeans,YARN
1.426229508,Kmeans,Toposch-n
1.172131148,Kmeans,YARN
1.37704918,Kmeans,Toposch-n
1.155737705,Kmeans,YARN
1.393442623,Kmeans,Toposch-n
1.163934426,Kmeans,YARN
1.4180327869999998,Kmeans,Toposch-n
1.18852459,Kmeans,YARN
1.409836066,Kmeans,Toposch-n
1.155737705,Kmeans,YARN
1.3852459019999999,Kmeans,Toposch-n
1.163934426,Kmeans,YARN
1.409836066,Kmeans,Toposch-n
1.180327869,Kmeans,YARN
1.4016393440000001,Kmeans,Toposch-n
1.155737705,Kmeans,YARN
1.426229508,Kmeans,Toposch-n
1.1475409840000002,Kmeans,YARN
1.3852459019999999,Kmeans,Toposch-n
1.18852459,Kmeans,YARN
1.393442623,Kmeans,Toposch-n
1.18852459,Kmeans,YARN
1.368852459,Kmeans,Toposch-n
1.163934426,Kmeans,YARN
1.37704918,Kmeans,Toposch-n
1.163934426,Kmeans,YARN
1.368852459,Kmeans,Toposch-n
1.1475409840000002,Kmeans,YARN
1.393442623,Kmeans,Toposch-n
1.155737705,Kmeans,YARN
1.368852459,Kmeans,Toposch-n
1.180327869,Kmeans,YARN
1.4016393440000001,Kmeans,Toposch-n
1.180327869,Kmeans,YARN
1.393442623,Kmeans,Toposch-n
1.18852459,Kmeans,YARN
1.409836066,Kmeans,Toposch-n
1.163934426,Kmeans,YARN
1.409836066,Kmeans,Toposch-n
1.163934426,Kmeans,YARN
1.426229508,Kmeans,Toposch-n
1.1475409840000002,Kmeans,YARN
1.3852459019999999,Kmeans,Toposch-n
1.155737705,Kmeans,YARN
1.368852459,Kmeans,Toposch-n
1.155737705,Kmeans,YARN
1.4180327869999998,Kmeans,Toposch-n
1.155737705,Kmeans,YARN
1.426229508,Kmeans,Toposch-n
1.155737705,Kmeans,YARN
1.393442623,Kmeans,Toposch-n
1.155737705,Kmeans,YARN
1.426229508,Kmeans,Toposch-n
1.1475409840000002,Kmeans,YARN
1.3852459019999999,Kmeans,Toposch-n
1.1475409840000002,Kmeans,YARN
1.426229508,Kmeans,Toposch-n
1.155737705,Kmeans,YARN
1.37704918,Kmeans,Toposch-n
1.163934426,Kmeans,YARN
1.409836066,Kmeans,Toposch-n
1.180327869,Kmeans,YARN
1.393442623,Kmeans,Toposch-n
1.180327869,Kmeans,YARN
1.409836066,Kmeans,Toposch-n
1.163934426,Kmeans,YARN
1.37704918,Kmeans,Toposch-n
1.1475409840000002,Kmeans,YARN
1.393442623,Kmeans,Toposch-n
1.155737705,Kmeans,YARN
1.393442623,Kmeans,Toposch-n
1.180327869,Kmeans,YARN
1.3852459019999999,Kmeans,Toposch-n
1.172131148,Kmeans,YARN
1.4016393440000001,Kmeans,Toposch-n
1.180327869,Kmeans,YARN
1.37704918,Kmeans,Toposch-n
1.1475409840000002,Kmeans,YARN
1.426229508,Kmeans,Toposch-n
1.180327869,Kmeans,YARN
1.4180327869999998,Kmeans,Toposch-n
1.1475409840000002,Kmeans,YARN
1.426229508,Kmeans,Toposch-n
1.18852459,Kmeans,YARN
1.3852459019999999,Kmeans,Toposch-n
1.245901639,Kmeans,YARN
1.442622951,Kmeans,Toposch-n
1.245901639,Kmeans,YARN
1.450819672,Kmeans,Toposch-n
1.245901639,Kmeans,YARN
1.442622951,Kmeans,Toposch-n
1.42486562,Kmeans,Quasar
1.338294245,Kmeans,Quasar
1.342906975,Kmeans,Quasar
1.353215,Kmeans,Quasar
1.498144503,Kmeans,Quasar
1.574533156,Kmeans,Quasar
1.57355429,Kmeans,Quasar
1.5766971019999998,Kmeans,Quasar
1.57827546,Kmeans,Quasar
1.526205689,Kmeans,Quasar
1.57833251,Kmeans,Quasar
1.586910645,Kmeans,Quasar
1.54090376,Kmeans,Quasar
1.557530319,Kmeans,Quasar
1.5628564090000001,Kmeans,Quasar
1.555925194,Kmeans,Quasar
1.598827535,Kmeans,Quasar
1.548421425,Kmeans,Quasar
1.5737387809999999,Kmeans,Quasar
1.5736159109999999,Kmeans,Quasar
1.5349209480000001,Kmeans,Quasar
1.538292723,Kmeans,Quasar
1.5700206069999998,Kmeans,Quasar
1.5500284009999998,Kmeans,Quasar
1.555681481,Kmeans,Quasar
1.5488935430000002,Kmeans,Quasar
1.588374874,Kmeans,Quasar
1.57452218,Kmeans,Quasar
1.5667616919999998,Kmeans,Quasar
1.578620889,Kmeans,Quasar
1.533472785,Kmeans,Quasar
1.5669420459999999,Kmeans,Quasar
1.5812629009999999,Kmeans,Quasar
1.585006665,Kmeans,Quasar
1.534670005,Kmeans,Quasar
1.555928186,Kmeans,Quasar
1.51840983,Kmeans,Quasar
1.580146219,Kmeans,Quasar
1.554119031,Kmeans,Quasar
1.5425089419999998,Kmeans,Quasar
1.545734837,Kmeans,Quasar
1.575182862,Kmeans,Quasar
1.603004853,Kmeans,Quasar
1.553765644,Kmeans,Quasar
1.538450546,Kmeans,Quasar
1.529941921,Kmeans,Quasar
1.558280721,Kmeans,Quasar
1.541313226,Kmeans,Quasar
1.5404242559999999,Kmeans,Quasar
1.5756748809999999,Kmeans,Quasar
1.549586119,Kmeans,Quasar
1.575622826,Kmeans,Quasar
1.5520492890000002,Kmeans,Quasar
1.573974889,Kmeans,Quasar
1.5621148230000002,Kmeans,Quasar
1.569868435,Kmeans,Quasar
1.5330421280000002,Kmeans,Quasar
1.549145336,Kmeans,Quasar
1.566077027,Kmeans,Quasar
1.536338208,Kmeans,Quasar
1.56956627,Kmeans,Quasar
1.5910376780000002,Kmeans,Quasar
1.5740022809999998,Kmeans,Quasar
1.5857127619999998,Kmeans,Quasar
1.545437821,Kmeans,Quasar
1.5562965690000001,Kmeans,Quasar
1.539713879,Kmeans,Quasar
1.57340099,Kmeans,Quasar
1.565045579,Kmeans,Quasar
1.586253795,Kmeans,Quasar
1.553207706,Kmeans,Quasar
1.565686759,Kmeans,Quasar
1.569367839,Kmeans,Quasar
1.5770696359999998,Kmeans,Quasar
1.580718312,Kmeans,Quasar
1.5265291580000002,Kmeans,Quasar
1.552978825,Kmeans,Quasar
1.5627979769999998,Kmeans,Quasar
1.539122081,Kmeans,Quasar
1.5396688090000001,Kmeans,Quasar
1.590002874,Kmeans,Quasar
1.56166142,Kmeans,Quasar
1.568207849,Kmeans,Quasar
1.5908011480000002,Kmeans,Quasar
1.529377306,Kmeans,Quasar
1.544821072,Kmeans,Quasar
1.557570559,Kmeans,Quasar
1.550799711,Kmeans,Quasar
1.58234501,Kmeans,Quasar
1.531220901,Kmeans,Quasar
1.528044723,Kmeans,Quasar
1.571890522,Kmeans,Quasar
1.5824617890000001,Kmeans,Quasar
1.601912829,Kmeans,Quasar
1.581273943,Kmeans,Quasar
1.56025644,Kmeans,Quasar
1.563469582,Kmeans,Quasar
1.591033165,Kmeans,Quasar
1.6062164230000002,Kmeans,Quasar
1.587356281,Kmeans,Quasar
1.034736184,Kmeans,ROSE
1.045867583,Kmeans,ROSE
1.094006615,Kmeans,ROSE
1.102233499,Kmeans,ROSE
1.174224266,Kmeans,ROSE
1.2060293709999999,Kmeans,ROSE
1.203227195,Kmeans,ROSE
1.1885567209999999,Kmeans,ROSE
1.225015661,Kmeans,ROSE
1.231298631,Kmeans,ROSE
1.2084131340000002,Kmeans,ROSE
1.20574784,Kmeans,ROSE
1.203846965,Kmeans,ROSE
1.22022198,Kmeans,ROSE
1.224036585,Kmeans,ROSE
1.211617363,Kmeans,ROSE
1.238628835,Kmeans,ROSE
1.217852691,Kmeans,ROSE
1.211592249,Kmeans,ROSE
1.205305769,Kmeans,ROSE
1.216620075,Kmeans,ROSE
1.223562394,Kmeans,ROSE
1.234138514,Kmeans,ROSE
1.196225453,Kmeans,ROSE
1.223430972,Kmeans,ROSE
1.241720393,Kmeans,ROSE
1.235181284,Kmeans,ROSE
1.219811923,Kmeans,ROSE
1.24310494,Kmeans,ROSE
1.214942853,Kmeans,ROSE
1.199247967,Kmeans,ROSE
1.232597435,Kmeans,ROSE
1.194541151,Kmeans,ROSE
1.237625615,Kmeans,ROSE
1.203379402,Kmeans,ROSE
1.240494295,Kmeans,ROSE
1.211040871,Kmeans,ROSE
1.235958092,Kmeans,ROSE
1.204384215,Kmeans,ROSE
1.21242919,Kmeans,ROSE
1.239601404,Kmeans,ROSE
1.214126962,Kmeans,ROSE
1.230990558,Kmeans,ROSE
1.192353591,Kmeans,ROSE
1.218177747,Kmeans,ROSE
1.243483575,Kmeans,ROSE
1.192606175,Kmeans,ROSE
1.233454095,Kmeans,ROSE
1.185483504,Kmeans,ROSE
1.217003588,Kmeans,ROSE
1.223010942,Kmeans,ROSE
1.233475532,Kmeans,ROSE
1.192880199,Kmeans,ROSE
1.209217346,Kmeans,ROSE
1.221168309,Kmeans,ROSE
1.23155931,Kmeans,ROSE
1.193374036,Kmeans,ROSE
1.207589497,Kmeans,ROSE
1.2442237870000001,Kmeans,ROSE
1.204701942,Kmeans,ROSE
1.207340943,Kmeans,ROSE
1.231544135,Kmeans,ROSE
1.2117459179999999,Kmeans,ROSE
1.202841281,Kmeans,ROSE
1.246693545,Kmeans,ROSE
1.227658112,Kmeans,ROSE
1.21782787,Kmeans,ROSE
1.207123137,Kmeans,ROSE
1.2062352159999998,Kmeans,ROSE
1.208604919,Kmeans,ROSE
1.2251899179999999,Kmeans,ROSE
1.228828706,Kmeans,ROSE
1.238649544,Kmeans,ROSE
1.221875899,Kmeans,ROSE
1.21856335,Kmeans,ROSE
1.18856454,Kmeans,ROSE
1.192993873,Kmeans,ROSE
1.203558876,Kmeans,ROSE
1.203685369,Kmeans,ROSE
1.213674119,Kmeans,ROSE
1.206144352,Kmeans,ROSE
1.186582077,Kmeans,ROSE
1.190003805,Kmeans,ROSE
1.200719123,Kmeans,ROSE
1.205881217,Kmeans,ROSE
1.226422262,Kmeans,ROSE
1.2343872009999999,Kmeans,ROSE
1.224210639,Kmeans,ROSE
1.18947563,Kmeans,ROSE
1.208758249,Kmeans,ROSE
1.22970602,Kmeans,ROSE
1.217924847,Kmeans,ROSE
1.226000923,Kmeans,ROSE
1.193166565,Kmeans,ROSE
1.235605023,Kmeans,ROSE
1.1963531859999998,Kmeans,ROSE
1.244843012,Kmeans,ROSE
1.298158098,Kmeans,ROSE
1.292506001,Kmeans,ROSE
1.291680814,Kmeans,ROSE
1.019230769,PageRank,YARN
1.201923077,PageRank,Toposch-n
1.076923077,PageRank,YARN
1.086538462,PageRank,Toposch-n
1.0488064314157748,PageRank,YARN
1.134615385,PageRank,Toposch-n
1.048076923,PageRank,YARN
1.182692308,PageRank,Toposch-n
1.057692308,PageRank,YARN
1.144230769,PageRank,Toposch-n
1.125,PageRank,YARN
1.269230769,PageRank,Toposch-n
1.086538462,PageRank,YARN
1.230769231,PageRank,Toposch-n
1.076923077,PageRank,YARN
1.240384615,PageRank,Toposch-n
1.115384615,PageRank,YARN
1.278846154,PageRank,Toposch-n
1.125,PageRank,YARN
1.240384615,PageRank,Toposch-n
1.086538462,PageRank,YARN
1.221153846,PageRank,Toposch-n
1.076923077,PageRank,YARN
1.240384615,PageRank,Toposch-n
1.115384615,PageRank,YARN
1.278846154,PageRank,Toposch-n
1.096153846,PageRank,YARN
1.269230769,PageRank,Toposch-n
1.086538462,PageRank,YARN
1.240384615,PageRank,Toposch-n
1.115384615,PageRank,YARN
1.269230769,PageRank,Toposch-n
1.105769231,PageRank,YARN
1.230769231,PageRank,Toposch-n
1.096153846,PageRank,YARN
1.288461538,PageRank,Toposch-n
1.115384615,PageRank,YARN
1.278846154,PageRank,Toposch-n
1.125,PageRank,YARN
1.230769231,PageRank,Toposch-n
1.115384615,PageRank,YARN
1.230769231,PageRank,Toposch-n
1.115384615,PageRank,YARN
1.269230769,PageRank,Toposch-n
1.105769231,PageRank,YARN
1.240384615,PageRank,Toposch-n
1.086538462,PageRank,YARN
1.25,PageRank,Toposch-n
1.096153846,PageRank,YARN
1.288461538,PageRank,Toposch-n
1.076923077,PageRank,YARN
1.259615385,PageRank,Toposch-n
1.105769231,PageRank,YARN
1.240384615,PageRank,Toposch-n
1.115384615,PageRank,YARN
1.259615385,PageRank,Toposch-n
1.115384615,PageRank,YARN
1.278846154,PageRank,Toposch-n
1.115384615,PageRank,YARN
1.240384615,PageRank,Toposch-n
1.086538462,PageRank,YARN
1.278846154,PageRank,Toposch-n
1.086538462,PageRank,YARN
1.25,PageRank,Toposch-n
1.086538462,PageRank,YARN
1.240384615,PageRank,Toposch-n
1.096153846,PageRank,YARN
1.259615385,PageRank,Toposch-n
1.086538462,PageRank,YARN
1.278846154,PageRank,Toposch-n
1.096153846,PageRank,YARN
1.230769231,PageRank,Toposch-n
1.105769231,PageRank,YARN
1.288461538,PageRank,Toposch-n
1.105769231,PageRank,YARN
1.269230769,PageRank,Toposch-n
1.076923077,PageRank,YARN
1.278846154,PageRank,Toposch-n
1.076923077,PageRank,YARN
1.278846154,PageRank,Toposch-n
1.076923077,PageRank,YARN
1.230769231,PageRank,Toposch-n
1.125,PageRank,YARN
1.278846154,PageRank,Toposch-n
1.096153846,PageRank,YARN
1.259615385,PageRank,Toposch-n
1.076923077,PageRank,YARN
1.230769231,PageRank,Toposch-n
1.096153846,PageRank,YARN
1.259615385,PageRank,Toposch-n
1.096153846,PageRank,YARN
1.221153846,PageRank,Toposch-n
1.086538462,PageRank,YARN
1.278846154,PageRank,Toposch-n
1.105769231,PageRank,YARN
1.278846154,PageRank,Toposch-n
1.096153846,PageRank,YARN
1.25,PageRank,Toposch-n
1.076923077,PageRank,YARN
1.269230769,PageRank,Toposch-n
1.096153846,PageRank,YARN
1.288461538,PageRank,Toposch-n
1.086538462,PageRank,YARN
1.240384615,PageRank,Toposch-n
1.105769231,PageRank,YARN
1.269230769,PageRank,Toposch-n
1.115384615,PageRank,YARN
1.221153846,PageRank,Toposch-n
1.125,PageRank,YARN
1.230769231,PageRank,Toposch-n
1.105769231,PageRank,YARN
1.259615385,PageRank,Toposch-n
1.115384615,PageRank,YARN
1.259615385,PageRank,Toposch-n
1.076923077,PageRank,YARN
1.288461538,PageRank,Toposch-n
1.105769231,PageRank,YARN
1.269230769,PageRank,Toposch-n
1.105769231,PageRank,YARN
1.288461538,PageRank,Toposch-n
1.076923077,PageRank,YARN
1.288461538,PageRank,Toposch-n
1.086538462,PageRank,YARN
1.25,PageRank,Toposch-n
1.105769231,PageRank,YARN
1.25,PageRank,Toposch-n
1.105769231,PageRank,YARN
1.259615385,PageRank,Toposch-n
1.105769231,PageRank,YARN
1.259615385,PageRank,Toposch-n
1.076923077,PageRank,YARN
1.278846154,PageRank,Toposch-n
1.076923077,PageRank,YARN
1.278846154,PageRank,Toposch-n
1.096153846,PageRank,YARN
1.230769231,PageRank,Toposch-n
1.086538462,PageRank,YARN
1.288461538,PageRank,Toposch-n
1.076923077,PageRank,YARN
1.288461538,PageRank,Toposch-n
1.076923077,PageRank,YARN
1.221153846,PageRank,Toposch-n
1.096153846,PageRank,YARN
1.259615385,PageRank,Toposch-n
1.105769231,PageRank,YARN
1.230769231,PageRank,Toposch-n
1.096153846,PageRank,YARN
1.278846154,PageRank,Toposch-n
1.076923077,PageRank,YARN
1.221153846,PageRank,Toposch-n
1.115384615,PageRank,YARN
1.278846154,PageRank,Toposch-n
1.096153846,PageRank,YARN
1.259615385,PageRank,Toposch-n
1.086538462,PageRank,YARN
1.25,PageRank,Toposch-n
1.086538462,PageRank,YARN
1.25,PageRank,Toposch-n
1.125,PageRank,YARN
1.25,PageRank,Toposch-n
1.115384615,PageRank,YARN
1.269230769,PageRank,Toposch-n
1.105769231,PageRank,YARN
1.25,PageRank,Toposch-n
1.086538462,PageRank,YARN
1.240384615,PageRank,Toposch-n
1.125,PageRank,YARN
1.269230769,PageRank,Toposch-n
1.105769231,PageRank,YARN
1.25,PageRank,Toposch-n
1.096153846,PageRank,YARN
1.230769231,PageRank,Toposch-n
1.096153846,PageRank,YARN
1.278846154,PageRank,Toposch-n
1.086538462,PageRank,YARN
1.259615385,PageRank,Toposch-n
1.076923077,PageRank,YARN
1.240384615,PageRank,Toposch-n
1.086538462,PageRank,YARN
1.221153846,PageRank,Toposch-n
1.115384615,PageRank,YARN
1.269230769,PageRank,Toposch-n
1.125,PageRank,YARN
1.259615385,PageRank,Toposch-n
1.125,PageRank,YARN
1.240384615,PageRank,Toposch-n
1.086538462,PageRank,YARN
1.288461538,PageRank,Toposch-n
1.086538462,PageRank,YARN
1.278846154,PageRank,Toposch-n
1.125,PageRank,YARN
1.230769231,PageRank,Toposch-n
1.105769231,PageRank,YARN
1.259615385,PageRank,Toposch-n
1.134615385,PageRank,YARN
1.326923077,PageRank,Toposch-n
1.163461538,PageRank,YARN
1.326923077,PageRank,Toposch-n
1.192307692,PageRank,YARN
1.336538462,PageRank,Toposch-n
1.288099799,PageRank,Quasar
1.230398182,PageRank,Quasar
1.241108017,PageRank,Quasar
1.337646992,PageRank,Quasar
1.258145967,PageRank,Quasar
1.3598793580000001,PageRank,Quasar
1.392433095,PageRank,Quasar
1.375168306,PageRank,Quasar
1.3993286459999998,PageRank,Quasar
1.372686389,PageRank,Quasar
1.361390721,PageRank,Quasar
1.356228039,PageRank,Quasar
1.3981358480000001,PageRank,Quasar
1.396531991,PageRank,Quasar
1.3823743080000002,PageRank,Quasar
1.38163422,PageRank,Quasar
1.406568662,PageRank,Quasar
1.430440823,PageRank,Quasar
1.3533865059999999,PageRank,Quasar
1.3912179409999998,PageRank,Quasar
1.400002409,PageRank,Quasar
1.3904622969999998,PageRank,Quasar
1.3938997080000002,PageRank,Quasar
1.34902152,PageRank,Quasar
1.3619630630000001,PageRank,Quasar
1.369348043,PageRank,Quasar
1.415606366,PageRank,Quasar
1.350627777,PageRank,Quasar
1.347833017,PageRank,Quasar
1.3687065719999998,PageRank,Quasar
1.39043377,PageRank,Quasar
1.393234307,PageRank,Quasar
1.415102742,PageRank,Quasar
1.341173329,PageRank,Quasar
1.374803948,PageRank,Quasar
1.382946873,PageRank,Quasar
1.4124171,PageRank,Quasar
1.361600348,PageRank,Quasar
1.3553932780000002,PageRank,Quasar
1.4290616440000001,PageRank,Quasar
1.379040049,PageRank,Quasar
1.3784409469999999,PageRank,Quasar
1.407999321,PageRank,Quasar
1.3494003330000002,PageRank,Quasar
1.3905570090000001,PageRank,Quasar
1.380509424,PageRank,Quasar
1.40036736,PageRank,Quasar
1.363647106,PageRank,Quasar
1.365554886,PageRank,Quasar
1.3699328290000001,PageRank,Quasar
1.354597964,PageRank,Quasar
1.3973199809999999,PageRank,Quasar
1.379807996,PageRank,Quasar
1.3889289740000001,PageRank,Quasar
1.4221731119999999,PageRank,Quasar
1.399723321,PageRank,Quasar
1.418241394,PageRank,Quasar
1.4279669469999998,PageRank,Quasar
1.377335239,PageRank,Quasar
1.359787342,PageRank,Quasar
1.399880604,PageRank,Quasar
1.362765936,PageRank,Quasar
1.4130855390000001,PageRank,Quasar
1.414615147,PageRank,Quasar
1.3629295559999999,PageRank,Quasar
1.347621699,PageRank,Quasar
1.391630844,PageRank,Quasar
1.367828112,PageRank,Quasar
1.369467879,PageRank,Quasar
1.390294613,PageRank,Quasar
1.377291407,PageRank,Quasar
1.359979524,PageRank,Quasar
1.355118355,PageRank,Quasar
1.345642005,PageRank,Quasar
1.3992177959999998,PageRank,Quasar
1.358368975,PageRank,Quasar
1.3610894009999999,PageRank,Quasar
1.406432903,PageRank,Quasar
1.33932213,PageRank,Quasar
1.4020382930000002,PageRank,Quasar
1.3586756619999998,PageRank,Quasar
1.3806106630000001,PageRank,Quasar
1.3969574580000002,PageRank,Quasar
1.422974393,PageRank,Quasar
1.3922162409999999,PageRank,Quasar
1.3865434669999999,PageRank,Quasar
1.37541336,PageRank,Quasar
1.400722073,PageRank,Quasar
1.4010229769999998,PageRank,Quasar
1.4284691790000001,PageRank,Quasar
1.362174425,PageRank,Quasar
1.37952165,PageRank,Quasar
1.367470709,PageRank,Quasar
1.4071986140000001,PageRank,Quasar
1.382811883,PageRank,Quasar
1.35506682,PageRank,Quasar
1.3486163690000001,PageRank,Quasar
1.492120005,PageRank,Quasar
1.4819287980000002,PageRank,Quasar
1.497743949,PageRank,Quasar
1.060385863,PageRank,ROSE
1.126436382,PageRank,ROSE
1.040040874,PageRank,ROSE
1.093994337,PageRank,ROSE
1.095626682,PageRank,ROSE
1.170759514,PageRank,ROSE
1.1376725559999998,PageRank,ROSE
1.126990041,PageRank,ROSE
1.160259553,PageRank,ROSE
1.1724637690000002,PageRank,ROSE
1.130009934,PageRank,ROSE
1.117132354,PageRank,ROSE
1.16484176,PageRank,ROSE
1.137430895,PageRank,ROSE
1.136425867,PageRank,ROSE
1.1609728320000001,PageRank,ROSE
1.145981538,PageRank,ROSE
1.129823159,PageRank,ROSE
1.166403294,PageRank,ROSE
1.175432351,PageRank,ROSE
1.169639646,PageRank,ROSE
1.1610446970000001,PageRank,ROSE
1.156036298,PageRank,ROSE
1.1274156370000001,PageRank,ROSE
1.134341456,PageRank,ROSE
1.122417515,PageRank,ROSE
1.160762353,PageRank,ROSE
1.168199402,PageRank,ROSE
1.1507430490000001,PageRank,ROSE
1.157106185,PageRank,ROSE
1.1267828009999998,PageRank,ROSE
1.131323393,PageRank,ROSE
1.132313125,PageRank,ROSE
1.133082591,PageRank,ROSE
1.1260273029999999,PageRank,ROSE
1.14996306,PageRank,ROSE
1.139623633,PageRank,ROSE
1.1424064409999999,PageRank,ROSE
1.113208007,PageRank,ROSE
1.130247018,PageRank,ROSE
1.127956525,PageRank,ROSE
1.169521888,PageRank,ROSE
1.144050993,PageRank,ROSE
1.114862885,PageRank,ROSE
1.14213145,PageRank,ROSE
1.14642539,PageRank,ROSE
1.1370685329999999,PageRank,ROSE
1.150383147,PageRank,ROSE
1.1458774520000001,PageRank,ROSE
1.114158503,PageRank,ROSE
1.138412351,PageRank,ROSE
1.1373991159999999,PageRank,ROSE
1.15581263,PageRank,ROSE
1.1655970629999999,PageRank,ROSE
1.1627996,PageRank,ROSE
1.156213557,PageRank,ROSE
1.169627805,PageRank,ROSE
1.119166946,PageRank,ROSE
1.150365064,PageRank,ROSE
1.160686695,PageRank,ROSE
1.118762075,PageRank,ROSE
1.140003733,PageRank,ROSE
1.152307351,PageRank,ROSE
1.144788473,PageRank,ROSE
1.157736323,PageRank,ROSE
1.129120767,PageRank,ROSE
1.114674998,PageRank,ROSE
1.1509579779999999,PageRank,ROSE
1.132222465,PageRank,ROSE
1.115803032,PageRank,ROSE
1.113193066,PageRank,ROSE
1.135305773,PageRank,ROSE
1.158421665,PageRank,ROSE
1.143099973,PageRank,ROSE
1.128824393,PageRank,ROSE
1.1580425779999999,PageRank,ROSE
1.1481212459999999,PageRank,ROSE
1.130165192,PageRank,ROSE
1.137351121,PageRank,ROSE
1.17710675,PageRank,ROSE
1.163349782,PageRank,ROSE
1.154288322,PageRank,ROSE
1.12635522,PageRank,ROSE
1.167680143,PageRank,ROSE
1.150926447,PageRank,ROSE
1.134678847,PageRank,ROSE
1.133495218,PageRank,ROSE
1.1404712190000001,PageRank,ROSE
1.128203125,PageRank,ROSE
1.136115577,PageRank,ROSE
1.153209579,PageRank,ROSE
1.173107077,PageRank,ROSE
1.158952382,PageRank,ROSE
1.1228434090000001,PageRank,ROSE
1.121393388,PageRank,ROSE
1.177565859,PageRank,ROSE
1.149700805,PageRank,ROSE
1.1781384,PageRank,ROSE
1.2070386020000001,PageRank,ROSE
1.230001256,PageRank,ROSE
1.0391122827121901,Terasort,YARN
1.0874999996999999,Terasort,Toposch-n
1.0149784399605242,Terasort,YARN
1.035,Terasort,Toposch-n
1.0234279170289404,Terasort,YARN
1.08,Terasort,Toposch-n
1.047761439263465,Terasort,YARN
1.125,Terasort,Toposch-n
1.0155392143245798,Terasort,YARN
1.1099999997,Terasort,Toposch-n
1.0050000003000001,Terasort,YARN
1.1625000003000001,Terasort,Toposch-n
1.0537206318610286,Terasort,YARN
1.1774999997,Terasort,Toposch-n
1.0050000003000001,Terasort,YARN
1.1549999997,Terasort,Toposch-n
1.0275000003,Terasort,YARN
1.1625000003000001,Terasort,Toposch-n
1.0050000003000001,Terasort,YARN
1.125,Terasort,Toposch-n
1.0142917505828362,Terasort,YARN
1.1324999997,Terasort,Toposch-n
1.0259779059469565,Terasort,YARN
1.1400000003,Terasort,Toposch-n
1.035,Terasort,YARN
1.1700000000000002,Terasort,Toposch-n
1.032943265517197,Terasort,YARN
1.1549999997,Terasort,Toposch-n
1.0050000003000001,Terasort,YARN
1.125,Terasort,Toposch-n
1.012186727970318,Terasort,YARN
1.1625000003000001,Terasort,Toposch-n
1.0110533187487643,Terasort,YARN
1.1324999997,Terasort,Toposch-n
1.0050000003000001,Terasort,YARN
1.1475,Terasort,Toposch-n
1.0275000003,Terasort,YARN
1.1475,Terasort,Toposch-n
1.0454723502883536,Terasort,YARN
1.125,Terasort,Toposch-n
1.0199999997,Terasort,YARN
1.1774999997,Terasort,Toposch-n
1.0199999997,Terasort,YARN
1.1475,Terasort,Toposch-n
1.0125,Terasort,YARN
1.1625000003000001,Terasort,Toposch-n
1.035,Terasort,YARN
1.1774999997,Terasort,Toposch-n
1.035,Terasort,YARN
1.1774999997,Terasort,Toposch-n
1.0125,Terasort,YARN
1.1475,Terasort,Toposch-n
1.0125,Terasort,YARN
1.1549999997,Terasort,Toposch-n
1.0275000003,Terasort,YARN
1.1700000000000002,Terasort,Toposch-n
1.0125,Terasort,YARN
1.1625000003000001,Terasort,Toposch-n
1.0105239475355596,Terasort,YARN
1.1625000003000001,Terasort,Toposch-n
1.0275000003,Terasort,YARN
1.1475,Terasort,Toposch-n
1.012584777445761,Terasort,YARN
1.1324999997,Terasort,Toposch-n
1.035,Terasort,YARN
1.1324999997,Terasort,Toposch-n
1.011267719021816,Terasort,YARN
1.1324999997,Terasort,Toposch-n
1.035,Terasort,YARN
1.1475,Terasort,Toposch-n
1.0199999997,Terasort,YARN
1.1400000003,Terasort,Toposch-n
1.0199999997,Terasort,YARN
1.1324999997,Terasort,Toposch-n
1.0275000003,Terasort,YARN
1.1400000003,Terasort,Toposch-n
1.0125,Terasort,YARN
1.125,Terasort,Toposch-n
1.0050000003000001,Terasort,YARN
1.1400000003,Terasort,Toposch-n
1.0050000003000001,Terasort,YARN
1.1475,Terasort,Toposch-n
1.0208296775440788,Terasort,YARN
1.1475,Terasort,Toposch-n
1.0125,Terasort,YARN
1.1400000003,Terasort,Toposch-n
1.0050000003000001,Terasort,YARN
1.1700000000000002,Terasort,Toposch-n
1.014278440358799,Terasort,YARN
1.1625000003000001,Terasort,Toposch-n
1.0199999997,Terasort,YARN
1.1324999997,Terasort,Toposch-n
1.0128556340545798,Terasort,YARN
1.1549999997,Terasort,Toposch-n
1.035,Terasort,YARN
1.1400000003,Terasort,Toposch-n
1.0149956428965936,Terasort,YARN
1.1625000003000001,Terasort,Toposch-n
1.035,Terasort,YARN
1.1549999997,Terasort,Toposch-n
1.0050000003000001,Terasort,YARN
1.1625000003000001,Terasort,Toposch-n
1.0120404464597104,Terasort,YARN
1.1549999997,Terasort,Toposch-n
1.054107852675174,Terasort,YARN
1.1625000003000001,Terasort,Toposch-n
1.035,Terasort,YARN
1.1324999997,Terasort,Toposch-n
1.035,Terasort,YARN
1.1475,Terasort,Toposch-n
1.013473483903371,Terasort,YARN
1.1625000003000001,Terasort,Toposch-n
1.0125,Terasort,YARN
1.1549999997,Terasort,Toposch-n
1.0125,Terasort,YARN
1.125,Terasort,Toposch-n
1.0050000003000001,Terasort,YARN
1.1400000003,Terasort,Toposch-n
1.035,Terasort,YARN
1.1774999997,Terasort,Toposch-n
1.0199999997,Terasort,YARN
1.1324999997,Terasort,Toposch-n
1.0275000003,Terasort,YARN
1.1324999997,Terasort,Toposch-n
1.0821998604143965,Terasort,YARN
1.1475,Terasort,Toposch-n
1.0125,Terasort,YARN
1.1475,Terasort,Toposch-n
1.0199999997,Terasort,YARN
1.1700000000000002,Terasort,Toposch-n
1.0100858185879973,Terasort,YARN
1.1700000000000002,Terasort,Toposch-n
1.0275000003,Terasort,YARN
1.1774999997,Terasort,Toposch-n
1.0199999997,Terasort,YARN
1.1400000003,Terasort,Toposch-n
1.0125,Terasort,YARN
1.125,Terasort,Toposch-n
1.035,Terasort,YARN
1.1475,Terasort,Toposch-n
1.0116586968877392,Terasort,YARN
1.1400000003,Terasort,Toposch-n
1.0275000003,Terasort,YARN
1.1475,Terasort,Toposch-n
1.035,Terasort,YARN
1.1400000003,Terasort,Toposch-n
1.0275000003,Terasort,YARN
1.125,Terasort,Toposch-n
1.014576854477315,Terasort,YARN
1.125,Terasort,Toposch-n
1.0050000003000001,Terasort,YARN
1.1324999997,Terasort,Toposch-n
1.035,Terasort,YARN
1.1774999997,Terasort,Toposch-n
1.0199999997,Terasort,YARN
1.1400000003,Terasort,Toposch-n
1.0275000003,Terasort,YARN
1.125,Terasort,Toposch-n
1.035,Terasort,YARN
1.1324999997,Terasort,Toposch-n
1.0199999997,Terasort,YARN
1.125,Terasort,Toposch-n
1.0050000003000001,Terasort,YARN
1.1400000003,Terasort,Toposch-n
1.0275000003,Terasort,YARN
1.1549999997,Terasort,Toposch-n
1.0308593722578212,Terasort,YARN
1.1475,Terasort,Toposch-n
1.0125,Terasort,YARN
1.1774999997,Terasort,Toposch-n
1.0125,Terasort,YARN
1.1700000000000002,Terasort,Toposch-n
1.0125,Terasort,YARN
1.125,Terasort,Toposch-n
1.0125,Terasort,YARN
1.1774999997,Terasort,Toposch-n
1.04326048784803,Terasort,YARN
1.1549999997,Terasort,Toposch-n
1.0125,Terasort,YARN
1.1400000003,Terasort,Toposch-n
1.0275000003,Terasort,YARN
1.1774999997,Terasort,Toposch-n
1.0275000003,Terasort,YARN
1.1400000003,Terasort,Toposch-n
1.0050000003000001,Terasort,YARN
1.1475,Terasort,Toposch-n
1.0275000003,Terasort,YARN
1.1774999997,Terasort,Toposch-n
1.0275000003,Terasort,YARN
1.1774999997,Terasort,Toposch-n
1.035,Terasort,YARN
1.1475,Terasort,Toposch-n
1.035,Terasort,YARN
1.1774999997,Terasort,Toposch-n
1.0424999997000002,Terasort,YARN
1.2075000003,Terasort,Toposch-n
1.0575,Terasort,YARN
1.2075000003,Terasort,Toposch-n
1.0424999997000002,Terasort,YARN
1.1850000003,Terasort,Toposch-n
1.233805302,Terasort,Quasar
1.1717503065000001,Terasort,Quasar
1.246099977,Terasort,Quasar
1.2657788397000003,Terasort,Quasar
1.2613912109999998,Terasort,Quasar
1.2805874847,Terasort,Quasar
1.2996240894,Terasort,Quasar
1.3289946345,Terasort,Quasar
1.2761358246,Terasort,Quasar
1.289721087,Terasort,Quasar
1.312105455,Terasort,Quasar
1.2976901757000001,Terasort,Quasar
1.3083414443999999,Terasort,Quasar
1.2697318404,Terasort,Quasar
1.283694273,Terasort,Quasar
1.2845200140000002,Terasort,Quasar
1.2624332697000002,Terasort,Quasar
1.2914416368000001,Terasort,Quasar
1.3213757871,Terasort,Quasar
1.3263721353,Terasort,Quasar
1.2618603261,Terasort,Quasar
1.2855901041000002,Terasort,Quasar
1.2921783119999999,Terasort,Quasar
1.3148023752000002,Terasort,Quasar
1.3006943271,Terasort,Quasar
1.3261350852000002,Terasort,Quasar
1.3132826118,Terasort,Quasar
1.2946568427000003,Terasort,Quasar
1.3076881416000001,Terasort,Quasar
1.2840207192000002,Terasort,Quasar
1.297531008,Terasort,Quasar
1.299830868,Terasort,Quasar
1.2846216078,Terasort,Quasar
1.3050002772000002,Terasort,Quasar
1.3110620112,Terasort,Quasar
1.3121297288999998,Terasort,Quasar
1.3148533611000002,Terasort,Quasar
1.2905266977,Terasort,Quasar
1.3255267266000001,Terasort,Quasar
1.2764116584,Terasort,Quasar
1.3273875837000002,Terasort,Quasar
1.2741096015,Terasort,Quasar
1.2899791341,Terasort,Quasar
1.3249142982,Terasort,Quasar
1.3287350799,Terasort,Quasar
1.3289674995,Terasort,Quasar
1.2939248205,Terasort,Quasar
1.2980487051,Terasort,Quasar
1.3209797304,Terasort,Quasar
1.2782392335000001,Terasort,Quasar
1.2804161256,Terasort,Quasar
1.294762329,Terasort,Quasar
1.3391098317,Terasort,Quasar
1.3161737079,Terasort,Quasar
1.3217883876,Terasort,Quasar
1.3228125336,Terasort,Quasar
1.2849146037,Terasort,Quasar
1.27463328,Terasort,Quasar
1.3179803985,Terasort,Quasar
1.2949096716000001,Terasort,Quasar
1.2871455822000002,Terasort,Quasar
1.3258713510000002,Terasort,Quasar
1.2819455127000001,Terasort,Quasar
1.3238208576,Terasort,Quasar
1.2736018179000002,Terasort,Quasar
1.3126388715000001,Terasort,Quasar
1.3010488659,Terasort,Quasar
1.2777142662,Terasort,Quasar
1.2901544514,Terasort,Quasar
1.3182135632999998,Terasort,Quasar
1.2821825232000001,Terasort,Quasar
1.2803989644,Terasort,Quasar
1.3023098063999998,Terasort,Quasar
1.3329069552000001,Terasort,Quasar
1.3352519826,Terasort,Quasar
1.27308096,Terasort,Quasar
1.3062374145,Terasort,Quasar
1.2818350629,Terasort,Quasar
1.3210834617,Terasort,Quasar
1.2967547805,Terasort,Quasar
1.2842774451,Terasort,Quasar
1.3119161238,Terasort,Quasar
1.3118632848,Terasort,Quasar
1.3282423758,Terasort,Quasar
1.3185357669,Terasort,Quasar
1.2892646448,Terasort,Quasar
1.3110216533999999,Terasort,Quasar
1.2674983131,Terasort,Quasar
1.3280704254,Terasort,Quasar
1.2671109891,Terasort,Quasar
1.2670794927000002,Terasort,Quasar
1.3058860986000003,Terasort,Quasar
1.2909856914,Terasort,Quasar
1.2725658864,Terasort,Quasar
1.3262728689,Terasort,Quasar
1.2929410602000002,Terasort,Quasar
1.3172374332,Terasort,Quasar
1.3556120859,Terasort,Quasar
1.3603199859,Terasort,Quasar
1.3472424027,Terasort,Quasar
1.0110131749643818,Terasort,ROSE
1.0315155817499977,Terasort,ROSE
1.0173301434,Terasort,ROSE
1.0136084824023421,Terasort,ROSE
1.025029848886776,Terasort,ROSE
1.0517335191000001,Terasort,ROSE
1.0397643417,Terasort,ROSE
1.0635416874,Terasort,ROSE
1.077493356,Terasort,ROSE
1.0634729408999999,Terasort,ROSE
1.0506087738,Terasort,ROSE
1.0517544792,Terasort,ROSE
1.0982680488,Terasort,ROSE
1.0362835593000002,Terasort,ROSE
1.0695374451000002,Terasort,ROSE
1.0469180214,Terasort,ROSE
1.0427435739,Terasort,ROSE
1.0619868933,Terasort,ROSE
1.0850069367,Terasort,ROSE
1.0541381904,Terasort,ROSE
1.0730753658,Terasort,ROSE
1.0761743501999999,Terasort,ROSE
1.0741007331,Terasort,ROSE
1.0871196534,Terasort,ROSE
1.0878230403,Terasort,ROSE
1.0602902511,Terasort,ROSE
1.0632306447,Terasort,ROSE
1.0878285627,Terasort,ROSE
1.0691212905,Terasort,ROSE
1.0453881924,Terasort,ROSE
1.0862242137,Terasort,ROSE
1.0516672385999999,Terasort,ROSE
1.0940677731000001,Terasort,ROSE
1.0602639054,Terasort,ROSE
1.0826646102,Terasort,ROSE
1.0836276507,Terasort,ROSE
1.0682182035,Terasort,ROSE
1.0858248576,Terasort,ROSE
1.0630095732,Terasort,ROSE
1.0601171595,Terasort,ROSE
1.0657173645000002,Terasort,ROSE
1.0445134653,Terasort,ROSE
1.0773292068,Terasort,ROSE
1.0658124423,Terasort,ROSE
1.0420289811,Terasort,ROSE
1.0776744117000001,Terasort,ROSE
1.038261177,Terasort,ROSE
1.0929682188,Terasort,ROSE
1.0542430341000002,Terasort,ROSE
1.0861750782,Terasort,ROSE
1.0516652901,Terasort,ROSE
1.0449676638,Terasort,ROSE
1.0513296666,Terasort,ROSE
1.0945381239,Terasort,ROSE
1.0964139867,Terasort,ROSE
1.0522165446,Terasort,ROSE
1.0763492166,Terasort,ROSE
1.0624866381,Terasort,ROSE
1.0531282653,Terasort,ROSE
1.0917160038000002,Terasort,ROSE
1.0695439233000001,Terasort,ROSE
1.0816098561,Terasort,ROSE
1.0466810361,Terasort,ROSE
1.0771126866,Terasort,ROSE
1.075853196,Terasort,ROSE
1.0537228484999999,Terasort,ROSE
1.0832122989,Terasort,ROSE
1.081382436,Terasort,ROSE
1.0767268674,Terasort,ROSE
1.0873325961,Terasort,ROSE
1.0623245994,Terasort,ROSE
1.0887062067,Terasort,ROSE
1.1015919585,Terasort,ROSE
1.0773540414,Terasort,ROSE
1.0381780692,Terasort,ROSE
1.0620435096,Terasort,ROSE
1.0914119451000002,Terasort,ROSE
1.0848249369,Terasort,ROSE
1.0780685531999998,Terasort,ROSE
1.0987354008,Terasort,ROSE
1.0674956133,Terasort,ROSE
1.0615367466,Terasort,ROSE
1.0848684861000002,Terasort,ROSE
1.042678899,Terasort,ROSE
1.0681317765,Terasort,ROSE
1.0629154485,Terasort,ROSE
1.0622996154,Terasort,ROSE
1.0762697583,Terasort,ROSE
1.0483924706999999,Terasort,ROSE
1.0696842981,Terasort,ROSE
1.0933727535,Terasort,ROSE
1.0764708399,Terasort,ROSE
1.0673318313,Terasort,ROSE
1.0942593461999999,Terasort,ROSE
1.0871247348000002,Terasort,ROSE
1.0899434034,Terasort,ROSE
1.0856189727,Terasort,ROSE
1.0894455054,Terasort,ROSE
1.1251107765000001,Terasort,ROSE
1.0961145252,Terasort,ROSE
1.3966693188423278,Kmeans,COLTER
1.3273153636104758,Kmeans,COLTER
1.3771676666847683,Kmeans,COLTER
1.31587700981665,Kmeans,COLTER
1.491794047339328,Kmeans,COLTER
1.6157312420407715,Kmeans,COLTER
1.5404196425182421,Kmeans,COLTER
1.6107991717137589,Kmeans,COLTER
1.5790401689792675,Kmeans,COLTER
1.5474852495411147,Kmeans,COLTER
1.5549481716362439,Kmeans,COLTER
1.572400799611343,Kmeans,COLTER
1.5174739558543666,Kmeans,COLTER
1.5895755267761364,Kmeans,COLTER
1.5159266983233057,Kmeans,COLTER
1.5461445648175496,Kmeans,COLTER
1.599950699275528,Kmeans,COLTER
1.5311525144339122,Kmeans,COLTER
1.58732734817568,Kmeans,COLTER
1.6087482688987829,Kmeans,COLTER
1.4872157235861256,Kmeans,COLTER
1.4988393193705174,Kmeans,COLTER
1.5401315580002324,Kmeans,COLTER
1.5586281066515648,Kmeans,COLTER
1.5264401887123498,Kmeans,COLTER
1.5875042223549185,Kmeans,COLTER
1.5502748084699636,Kmeans,COLTER
1.5271217329981626,Kmeans,COLTER
1.5592919795143048,Kmeans,COLTER
1.591126384347686,Kmeans,COLTER
1.563674072352254,Kmeans,COLTER
1.5793871645845927,Kmeans,COLTER
1.5784380472710136,Kmeans,COLTER
1.5771232737792593,Kmeans,COLTER
1.5077944094544296,Kmeans,COLTER
1.552007638678479,Kmeans,COLTER
1.5206187867988636,Kmeans,COLTER
1.5744739485261552,Kmeans,COLTER
1.5222339597317582,Kmeans,COLTER
1.5333492996024196,Kmeans,COLTER
1.581776032031129,Kmeans,COLTER
1.552719349003668,Kmeans,COLTER
1.552455719832825,Kmeans,COLTER
1.5257837437157113,Kmeans,COLTER
1.507236968158662,Kmeans,COLTER
1.4981361581033432,Kmeans,COLTER
1.5695456270607189,Kmeans,COLTER
1.5590246450269756,Kmeans,COLTER
1.5684743365884661,Kmeans,COLTER
1.5317698733434484,Kmeans,COLTER
1.5143438504574924,Kmeans,COLTER
1.615752485858717,Kmeans,COLTER
1.501193909027398,Kmeans,COLTER
1.5652672387373503,Kmeans,COLTER
1.5154177085024774,Kmeans,COLTER
1.579416243197393,Kmeans,COLTER
1.5739569160222486,Kmeans,COLTER
1.5410860304212672,Kmeans,COLTER
1.5494003637398932,Kmeans,COLTER
1.5466058883459253,Kmeans,COLTER
1.581159721316249,Kmeans,COLTER
1.5955509828456507,Kmeans,COLTER
1.5775197318543952,Kmeans,COLTER
1.5427113310239908,Kmeans,COLTER
1.5867850457087274,Kmeans,COLTER
1.564403562038432,Kmeans,COLTER
1.5107087745846486,Kmeans,COLTER
1.607366057872845,Kmeans,COLTER
1.5292876808417266,Kmeans,COLTER
1.566433212229567,Kmeans,COLTER
1.5517107910893955,Kmeans,COLTER
1.5487067188323218,Kmeans,COLTER
1.565125118970585,Kmeans,COLTER
1.5693358522386411,Kmeans,COLTER
1.5539879144386797,Kmeans,COLTER
1.54075735564261,Kmeans,COLTER
1.5118192528526198,Kmeans,COLTER
1.5269073718866237,Kmeans,COLTER
1.5639139035693101,Kmeans,COLTER
1.558206261697071,Kmeans,COLTER
1.564235748989188,Kmeans,COLTER
1.5902040924257441,Kmeans,COLTER
1.5860346997409915,Kmeans,COLTER
1.625571049750117,Kmeans,COLTER
1.5049856731397668,Kmeans,COLTER
1.5095067005900447,Kmeans,COLTER
1.5279691208079862,Kmeans,COLTER
1.5759796527721697,Kmeans,COLTER
1.6109785208877743,Kmeans,COLTER
1.4893920058244439,Kmeans,COLTER
1.5323755992807133,Kmeans,COLTER
1.6108093199519877,Kmeans,COLTER
1.598162986264811,Kmeans,COLTER
1.5547934551885634,Kmeans,COLTER
1.5860487788976743,Kmeans,COLTER
1.5998602177281935,Kmeans,COLTER
1.5985469569019257,Kmeans,COLTER
1.5969735726405403,Kmeans,COLTER
1.6389279690609235,Kmeans,COLTER
1.5543542515421875,Kmeans,COLTER
1.2228205468520073,PageRank,COLTER
1.160311313457711,PageRank,COLTER
1.1782120554795326,PageRank,COLTER
1.2631820223178556,PageRank,COLTER
1.1867313024399269,PageRank,COLTER
1.2870175585702084,PageRank,COLTER
1.317773420703312,PageRank,COLTER
1.3017749361104356,PageRank,COLTER
1.3237203545908733,PageRank,COLTER
1.296762195816083,PageRank,COLTER
1.2922078605149614,PageRank,COLTER
1.2842072917889202,PageRank,COLTER
1.3201938657378842,PageRank,COLTER
1.3225896472652476,PageRank,COLTER
1.3125204624038027,PageRank,COLTER
1.2995108511411846,PageRank,COLTER
1.3277885852760343,PageRank,COLTER
1.3468298478881693,PageRank,COLTER
1.284831246685779,PageRank,COLTER
1.317426887627454,PageRank,COLTER
1.325758750070462,PageRank,COLTER
1.3151267744664141,PageRank,COLTER
1.3112264974423908,PageRank,COLTER
1.2808526457550193,PageRank,COLTER
1.292326074449964,PageRank,COLTER
1.2988360882432408,PageRank,COLTER
1.3341808439533023,PageRank,COLTER
1.2741705003093926,PageRank,COLTER
1.2732487455532207,PageRank,COLTER
1.3000813929904924,PageRank,COLTER
1.30959959313162,PageRank,COLTER
1.3163845908139074,PageRank,COLTER
1.341225906509614,PageRank,COLTER
1.2712566160659842,PageRank,COLTER
1.3002442712706155,PageRank,COLTER
1.3067744860442858,PageRank,COLTER
1.3372375545965847,PageRank,COLTER
1.2839211327011428,PageRank,COLTER
1.276537647529862,PageRank,COLTER
1.3473999995993853,PageRank,COLTER
1.305676930174294,PageRank,COLTER
1.2998177492845957,PageRank,COLTER
1.3267848479856312,PageRank,COLTER
1.2706403403308628,PageRank,COLTER
1.3187361062417213,PageRank,COLTER
1.300262481060036,PageRank,COLTER
1.3247403599723047,PageRank,COLTER
1.2931046513521285,PageRank,COLTER
1.2924869172021927,PageRank,COLTER
1.2964811733114605,PageRank,COLTER
1.2844876118166908,PageRank,COLTER
1.3158060692049418,PageRank,COLTER
1.3105704293586298,PageRank,COLTER
1.30724325951673,PageRank,COLTER
1.3470915966052548,PageRank,COLTER
1.326367539925978,PageRank,COLTER
1.3438052504483666,PageRank,COLTER
1.3498271175938306,PageRank,COLTER
1.3075347258125198,PageRank,COLTER
1.2797356786831715,PageRank,COLTER
1.3183876563600603,PageRank,COLTER
1.2826909276872969,PageRank,COLTER
1.3342024805786818,PageRank,COLTER
1.3434312785154248,PageRank,COLTER
1.2910600777766998,PageRank,COLTER
1.2711452769904894,PageRank,COLTER
1.320102780438275,PageRank,COLTER
1.2877492869303042,PageRank,COLTER
1.2992227623253205,PageRank,COLTER
1.3144546705428821,PageRank,COLTER
1.2993754467204695,PageRank,COLTER
1.2876967050905206,PageRank,COLTER
1.2870489363849331,PageRank,COLTER
1.267040774601199,PageRank,COLTER
1.3194138418567578,PageRank,COLTER
1.288835432243391,PageRank,COLTER
1.2913002591428069,PageRank,COLTER
1.3317711976623618,PageRank,COLTER
1.271950168976793,PageRank,COLTER
1.3200306472132648,PageRank,COLTER
1.2796584228476287,PageRank,COLTER
1.301647322674869,PageRank,COLTER
1.3146047199069044,PageRank,COLTER
1.3489224657156924,PageRank,COLTER
1.3224895571468662,PageRank,COLTER
1.3047435977111834,PageRank,COLTER
1.2929344368370075,PageRank,COLTER
1.320143182797071,PageRank,COLTER
1.3308563740607635,PageRank,COLTER
1.3520778879951483,PageRank,COLTER
1.2920626365630123,PageRank,COLTER
1.2996394088923218,PageRank,COLTER
1.2869357460064887,PageRank,COLTER
1.3231140738290856,PageRank,COLTER
1.3130512898611437,PageRank,COLTER
1.280309463919162,PageRank,COLTER
1.2685915525205889,PageRank,COLTER
1.4055713846754647,PageRank,COLTER
1.3961899249748824,PageRank,COLTER
1.4082732622071237,PageRank,COLTER
1.1235598974638195,Terasort,COLTER
1.093212459495253,Terasort,COLTER
1.1229217944609169,Terasort,COLTER
1.1487047461794935,Terasort,COLTER
1.137203421803639,Terasort,COLTER
1.198646342069091,Terasort,COLTER
1.2133036974026452,Terasort,COLTER
1.206246083385891,Terasort,COLTER
1.1892509386770889,Terasort,COLTER
1.2055474391668606,Terasort,COLTER
1.2124333692759253,Terasort,COLTER
1.198906747366816,Terasort,COLTER
1.2052528081710838,Terasort,COLTER
1.1539979258561759,Terasort,COLTER
1.1598724985034041,Terasort,COLTER
1.179075520342831,Terasort,COLTER
1.1573871478016013,Terasort,COLTER
1.1851852075721419,Terasort,COLTER
1.1932092072089293,Terasort,COLTER
1.2085985815160423,Terasort,COLTER
1.1459836500992457,Terasort,COLTER
1.2023992345319343,Terasort,COLTER
1.2016173531667798,Terasort,COLTER
1.2186505454269787,Terasort,COLTER
1.1830729484931695,Terasort,COLTER
1.2022907513290855,Terasort,COLTER
1.2009586943815755,Terasort,COLTER
1.2031166784284606,Terasort,COLTER
1.2062615437297535,Terasort,COLTER
1.1838986652428276,Terasort,COLTER
1.2051511584762558,Terasort,COLTER
1.173283806028249,Terasort,COLTER
1.1658001881828681,Terasort,COLTER
1.2066556864643443,Terasort,COLTER
1.2040410472556229,Terasort,COLTER
1.2093054089809598,Terasort,COLTER
1.1840355337182165,Terasort,COLTER
1.1866045722951373,Terasort,COLTER
1.2200619978186222,Terasort,COLTER
1.1833468625327912,Terasort,COLTER
1.2267906973538347,Terasort,COLTER
1.1587859573982435,Terasort,COLTER
1.20241138005744,Terasort,COLTER
1.2230963405365562,Terasort,COLTER
1.2275313520734332,Terasort,COLTER
1.2141474879712,Terasort,COLTER
1.181935701912548,Terasort,COLTER
1.2093014258790329,Terasort,COLTER
1.1926573918689216,Terasort,COLTER
1.1999536950402925,Terasort,COLTER
1.1671405265138937,Terasort,COLTER
1.1753680091073058,Terasort,COLTER
1.2420501955719114,Terasort,COLTER
1.2239325496360431,Terasort,COLTER
1.2343227967245982,Terasort,COLTER
1.2077815909231113,Terasort,COLTER
1.1785794067926687,Terasort,COLTER
1.1885770874319495,Terasort,COLTER
1.2070798430916263,Terasort,COLTER
1.2078714555335073,Terasort,COLTER
1.189231174218058,Terasort,COLTER
1.2463101403570045,Terasort,COLTER
1.1620786130697958,Terasort,COLTER
1.2375824537437876,Terasort,COLTER
1.1635079216165654,Terasort,COLTER
1.1836771693322081,Terasort,COLTER
1.1881899894094703,Terasort,COLTER
1.1767850066675543,Terasort,COLTER
1.182393759888647,Terasort,COLTER
1.2106682119388692,Terasort,COLTER
1.1934685778225493,Terasort,COLTER
1.184935770815496,Terasort,COLTER
1.193440494103085,Terasort,COLTER
1.2298419547097947,Terasort,COLTER
1.2096579814510566,Terasort,COLTER
1.1720329081023255,Terasort,COLTER
1.1868857125469205,Terasort,COLTER
1.200981028033058,Terasort,COLTER
1.1902019840918263,Terasort,COLTER
1.2144736419587823,Terasort,COLTER
1.17568484502425,Terasort,COLTER
1.1928765588546033,Terasort,COLTER
1.2120106463810136,Terasort,COLTER
1.2186996822531737,Terasort,COLTER
1.2372398597188525,Terasort,COLTER
1.1652861854259118,Terasort,COLTER
1.199558561754001,Terasort,COLTER
1.1566170693052933,Terasort,COLTER
1.2282404644163791,Terasort,COLTER
1.1413773168034371,Terasort,COLTER
1.1480504999081131,Terasort,COLTER
1.2016752939014912,Terasort,COLTER
1.2065142940442142,Terasort,COLTER
1.1870595654782297,Terasort,COLTER
1.2140786862076052,Terasort,COLTER
1.2114233613225227,Terasort,COLTER
1.2013832908176119,Terasort,COLTER
1.2541668111448878,Terasort,COLTER
1.264750758225861,Terasort,COLTER
1.2126511076330628,Terasort,COLTER
1.5758022509217129,Kmeans,DRL-Sched
1.4672117524461248,Kmeans,DRL-Sched
1.485932773506797,Kmeans,DRL-Sched
1.4291291689510794,Kmeans,DRL-Sched
1.6583072038460605,Kmeans,DRL-Sched
1.7860676100290986,Kmeans,DRL-Sched
1.556379231394156,Kmeans,DRL-Sched
1.8014547711611144,Kmeans,DRL-Sched
1.6956846815640507,Kmeans,DRL-Sched
1.7350462414577423,Kmeans,DRL-Sched
1.6839500291417984,Kmeans,DRL-Sched
1.593630516285834,Kmeans,DRL-Sched
1.529682159686742,Kmeans,DRL-Sched
1.7238144241347046,Kmeans,DRL-Sched
1.6941147896279043,Kmeans,DRL-Sched
1.5277819165702,Kmeans,DRL-Sched
1.6730233622944477,Kmeans,DRL-Sched
1.7086969749828138,Kmeans,DRL-Sched
1.6581875672890174,Kmeans,DRL-Sched
1.853891678694005,Kmeans,DRL-Sched
1.6308691803087751,Kmeans,DRL-Sched
1.6847619362897626,Kmeans,DRL-Sched
1.584484916096293,Kmeans,DRL-Sched
1.7996127123709846,Kmeans,DRL-Sched
1.6815944004883552,Kmeans,DRL-Sched
1.719442613014348,Kmeans,DRL-Sched
1.7102883487542393,Kmeans,DRL-Sched
1.6481821281935258,Kmeans,DRL-Sched
1.7687944125102661,Kmeans,DRL-Sched
1.6876998597719064,Kmeans,DRL-Sched
1.6464455270985436,Kmeans,DRL-Sched
1.6689763564704225,Kmeans,DRL-Sched
1.7005582038696925,Kmeans,DRL-Sched
1.68684690714481,Kmeans,DRL-Sched
1.4673194940228962,Kmeans,DRL-Sched
1.7403963779102656,Kmeans,DRL-Sched
1.5487370021627926,Kmeans,DRL-Sched
1.6397008402149962,Kmeans,DRL-Sched
1.595118230890883,Kmeans,DRL-Sched
1.6932405249184967,Kmeans,DRL-Sched
1.5180303708671614,Kmeans,DRL-Sched
1.5459258571491423,Kmeans,DRL-Sched
1.8413141444680792,Kmeans,DRL-Sched
1.7267953706662658,Kmeans,DRL-Sched
1.7366437998976842,Kmeans,DRL-Sched
1.5757547054727536,Kmeans,DRL-Sched
1.7693644505292259,Kmeans,DRL-Sched
1.6445353272205578,Kmeans,DRL-Sched
1.6359208292009155,Kmeans,DRL-Sched
1.491522135923404,Kmeans,DRL-Sched
1.6065744735641405,Kmeans,DRL-Sched
1.6989163785017833,Kmeans,DRL-Sched
1.431124826948659,Kmeans,DRL-Sched
1.591250637408393,Kmeans,DRL-Sched
1.5913009364181616,Kmeans,DRL-Sched
1.590455518906643,Kmeans,DRL-Sched
1.7353164041837505,Kmeans,DRL-Sched
1.6158143594863128,Kmeans,DRL-Sched
1.6737130782582865,Kmeans,DRL-Sched
1.7389991958254072,Kmeans,DRL-Sched
1.7131262585989029,Kmeans,DRL-Sched
1.5893529701350766,Kmeans,DRL-Sched
1.734348732591368,Kmeans,DRL-Sched
1.5977445918584223,Kmeans,DRL-Sched
1.5577466571833998,Kmeans,DRL-Sched
1.6491972774290131,Kmeans,DRL-Sched
1.6436357218321833,Kmeans,DRL-Sched
1.7440788304313461,Kmeans,DRL-Sched
1.5033592345461073,Kmeans,DRL-Sched
1.6696048712483955,Kmeans,DRL-Sched
1.7306857656548658,Kmeans,DRL-Sched
1.5968541604266946,Kmeans,DRL-Sched
1.667628482090986,Kmeans,DRL-Sched
1.6767574446626121,Kmeans,DRL-Sched
1.6687079437174948,Kmeans,DRL-Sched
1.7277380239883195,Kmeans,DRL-Sched
1.6209387172737002,Kmeans,DRL-Sched
1.5272518774790536,Kmeans,DRL-Sched
1.5829010879344285,Kmeans,DRL-Sched
1.6779570420793244,Kmeans,DRL-Sched
1.5086279695287819,Kmeans,DRL-Sched
1.6939659289320947,Kmeans,DRL-Sched
1.6963805618508327,Kmeans,DRL-Sched
1.772059333471159,Kmeans,DRL-Sched
1.5721652320501776,Kmeans,DRL-Sched
1.6132339586127984,Kmeans,DRL-Sched
1.5705532001283182,Kmeans,DRL-Sched
1.6162939905000924,Kmeans,DRL-Sched
1.79301365233786,Kmeans,DRL-Sched
1.5433164293643884,Kmeans,DRL-Sched
1.6583105901913793,Kmeans,DRL-Sched
1.8066683325201922,Kmeans,DRL-Sched
1.8345838593604968,Kmeans,DRL-Sched
1.770106614097877,Kmeans,DRL-Sched
1.6396290774287074,Kmeans,DRL-Sched
1.5807653854715031,Kmeans,DRL-Sched
1.6779240522568935,Kmeans,DRL-Sched
1.6623394061992312,Kmeans,DRL-Sched
1.7390489142082415,Kmeans,DRL-Sched
1.6338239847988523,Kmeans,DRL-Sched
1.1809720726451978,PageRank,DRL-Sched
1.0442801821119398,PageRank,DRL-Sched
1.159715887125704,PageRank,DRL-Sched
1.3225537771238884,PageRank,DRL-Sched
1.2378638513116569,PageRank,DRL-Sched
1.2811824260729396,PageRank,DRL-Sched
1.3177484289627561,PageRank,DRL-Sched
1.2234865871911846,PageRank,DRL-Sched
1.2609215012884922,PageRank,DRL-Sched
1.3760496576400802,PageRank,DRL-Sched
1.2721000099885147,PageRank,DRL-Sched
1.3143133581668054,PageRank,DRL-Sched
1.287717946659535,PageRank,DRL-Sched
1.315248903933873,PageRank,DRL-Sched
1.3169235658158962,PageRank,DRL-Sched
1.2971350952051028,PageRank,DRL-Sched
1.2332798889672911,PageRank,DRL-Sched
1.2956247368446545,PageRank,DRL-Sched
1.360588305230242,PageRank,DRL-Sched
1.2786542554470737,PageRank,DRL-Sched
1.3534020351669842,PageRank,DRL-Sched
1.271478414974265,PageRank,DRL-Sched
1.209508501910482,PageRank,DRL-Sched
1.2017315724522848,PageRank,DRL-Sched
1.176404725550577,PageRank,DRL-Sched
1.1689524794189168,PageRank,DRL-Sched
1.2779451971930373,PageRank,DRL-Sched
1.1987409799717326,PageRank,DRL-Sched
1.164609278947325,PageRank,DRL-Sched
1.22050309433875,PageRank,DRL-Sched
1.2400254947096607,PageRank,DRL-Sched
1.3042280057518605,PageRank,DRL-Sched
1.3301854637967314,PageRank,DRL-Sched
1.2405405120140425,PageRank,DRL-Sched
1.3151840273528557,PageRank,DRL-Sched
1.272159251001923,PageRank,DRL-Sched
1.3113859813784468,PageRank,DRL-Sched
1.1940934167170887,PageRank,DRL-Sched
1.2032505436964636,PageRank,DRL-Sched
1.3042116281142864,PageRank,DRL-Sched
1.246568764000081,PageRank,DRL-Sched
1.3542769172843667,PageRank,DRL-Sched
1.319050987921023,PageRank,DRL-Sched
1.2684278824840405,PageRank,DRL-Sched
1.2719646063453383,PageRank,DRL-Sched
1.2829956701868759,PageRank,DRL-Sched
1.3676087407764448,PageRank,DRL-Sched
1.2201671899953845,PageRank,DRL-Sched
1.3188639618349483,PageRank,DRL-Sched
1.1816216642041861,PageRank,DRL-Sched
1.276623943557863,PageRank,DRL-Sched
1.330976038384221,PageRank,DRL-Sched
1.3247325513042285,PageRank,DRL-Sched
1.3187525522053976,PageRank,DRL-Sched
1.2296123437497397,PageRank,DRL-Sched
1.2696283792542298,PageRank,DRL-Sched
1.392170276232795,PageRank,DRL-Sched
1.3683495211982706,PageRank,DRL-Sched
1.2372614772773134,PageRank,DRL-Sched
1.204830971059759,PageRank,DRL-Sched
1.3047174791046958,PageRank,DRL-Sched
1.239489593674369,PageRank,DRL-Sched
1.2853285449766791,PageRank,DRL-Sched
1.2651981415781168,PageRank,DRL-Sched
1.268225557948227,PageRank,DRL-Sched
1.2768354885563205,PageRank,DRL-Sched
1.2819097691897017,PageRank,DRL-Sched
1.2865762050873006,PageRank,DRL-Sched
1.2618098712214385,PageRank,DRL-Sched
1.416937747056665,PageRank,DRL-Sched
1.2962338644964042,PageRank,DRL-Sched
1.3218735292139818,PageRank,DRL-Sched
1.1647128189572342,PageRank,DRL-Sched
1.1969744961389943,PageRank,DRL-Sched
1.2717449919147554,PageRank,DRL-Sched
1.2088717216861284,PageRank,DRL-Sched
1.1621702332285262,PageRank,DRL-Sched
1.2732279008769396,PageRank,DRL-Sched
1.3164087102453232,PageRank,DRL-Sched
1.3050390309171367,PageRank,DRL-Sched
1.2693039681900675,PageRank,DRL-Sched
1.3162165751949693,PageRank,DRL-Sched
1.2650995498238298,PageRank,DRL-Sched
1.3719007907379377,PageRank,DRL-Sched
1.288933683812369,PageRank,DRL-Sched
1.301926077399093,PageRank,DRL-Sched
1.2035016152962599,PageRank,DRL-Sched
1.2848922544760308,PageRank,DRL-Sched
1.3131710165976958,PageRank,DRL-Sched
1.2722673384006218,PageRank,DRL-Sched
1.1985810044759038,PageRank,DRL-Sched
1.1770898011562279,PageRank,DRL-Sched
1.2702853537592182,PageRank,DRL-Sched
1.2960629018100382,PageRank,DRL-Sched
1.3216016334149916,PageRank,DRL-Sched
1.2713499550927196,PageRank,DRL-Sched
1.3300256476689412,PageRank,DRL-Sched
1.3818030574054518,PageRank,DRL-Sched
1.4029841836159402,PageRank,DRL-Sched
1.3867938152258543,PageRank,DRL-Sched
1.074284816357013,Terasort,DRL-Sched
1.0189986102275896,Terasort,DRL-Sched
1.095762340539418,Terasort,DRL-Sched
1.095146778535944,Terasort,DRL-Sched
1.0339904276583844,Terasort,DRL-Sched
1.1474876293022034,Terasort,DRL-Sched
1.1011310817019548,Terasort,DRL-Sched
1.1556803201978072,Terasort,DRL-Sched
1.1824897951604378,Terasort,DRL-Sched
1.180731747806179,Terasort,DRL-Sched
1.0872033531790697,Terasort,DRL-Sched
1.0687751159348027,Terasort,DRL-Sched
1.0606224711905536,Terasort,DRL-Sched
1.0796183393368315,Terasort,DRL-Sched
1.1006549662605734,Terasort,DRL-Sched
1.0375864579016914,Terasort,DRL-Sched
1.0697607144658783,Terasort,DRL-Sched
1.042962982663485,Terasort,DRL-Sched
1.1024048790174026,Terasort,DRL-Sched
1.2038930670513044,Terasort,DRL-Sched
1.0949493258202105,Terasort,DRL-Sched
1.219301604550595,Terasort,DRL-Sched
1.1744165698187674,Terasort,DRL-Sched
1.1353505572340363,Terasort,DRL-Sched
1.1982076733165834,Terasort,DRL-Sched
1.1846750451823516,Terasort,DRL-Sched
1.0579325876883847,Terasort,DRL-Sched
1.1259717790005213,Terasort,DRL-Sched
1.1099746859698012,Terasort,DRL-Sched
1.1142572407043978,Terasort,DRL-Sched
1.160007714814688,Terasort,DRL-Sched
1.1673478118188407,Terasort,DRL-Sched
1.1198472303282645,Terasort,DRL-Sched
1.1320836114887316,Terasort,DRL-Sched
1.1869387656678994,Terasort,DRL-Sched
1.1346475530157722,Terasort,DRL-Sched
1.154807240477751,Terasort,DRL-Sched
1.1174550614300065,Terasort,DRL-Sched
1.2207533402754442,Terasort,DRL-Sched
1.12822846364672,Terasort,DRL-Sched
1.1383641016760344,Terasort,DRL-Sched
1.0422943475701705,Terasort,DRL-Sched
1.1483878206826885,Terasort,DRL-Sched
1.1378927788728306,Terasort,DRL-Sched
1.2328138655542886,Terasort,DRL-Sched
1.1840848622591456,Terasort,DRL-Sched
1.1352643989357276,Terasort,DRL-Sched
1.1338138783841987,Terasort,DRL-Sched
1.1621453494121021,Terasort,DRL-Sched
1.092924263830461,Terasort,DRL-Sched
1.0270836633322264,Terasort,DRL-Sched
1.0575843473689097,Terasort,DRL-Sched
1.1840096393114232,Terasort,DRL-Sched
1.26664671223101,Terasort,DRL-Sched
1.226074109715315,Terasort,DRL-Sched
1.1549302267963322,Terasort,DRL-Sched
1.1058332655364251,Terasort,DRL-Sched
1.1155411439070126,Terasort,DRL-Sched
1.1446919288576356,Terasort,DRL-Sched
1.1375516602278128,Terasort,DRL-Sched
1.1960556091042798,Terasort,DRL-Sched
1.100914663550472,Terasort,DRL-Sched
1.155798671245279,Terasort,DRL-Sched
1.156107443701104,Terasort,DRL-Sched
1.0494076192304558,Terasort,DRL-Sched
1.0944046452608218,Terasort,DRL-Sched
1.1223345875665298,Terasort,DRL-Sched
1.1807925514532298,Terasort,DRL-Sched
1.0900463232671322,Terasort,DRL-Sched
1.222848783278534,Terasort,DRL-Sched
1.1050647984192457,Terasort,DRL-Sched
1.1941498639845143,Terasort,DRL-Sched
1.119702046583194,Terasort,DRL-Sched
1.2806583730229335,Terasort,DRL-Sched
1.1889630074132862,Terasort,DRL-Sched
1.1021797036023555,Terasort,DRL-Sched
1.2106708362491156,Terasort,DRL-Sched
1.1490956334992946,Terasort,DRL-Sched
1.0762398002455307,Terasort,DRL-Sched
1.1393246158586485,Terasort,DRL-Sched
1.052735383715021,Terasort,DRL-Sched
1.0738160086166395,Terasort,DRL-Sched
1.1983860702915439,Terasort,DRL-Sched
1.170339264070468,Terasort,DRL-Sched
1.136038079397048,Terasort,DRL-Sched
1.1296067134647487,Terasort,DRL-Sched
1.1026449082520269,Terasort,DRL-Sched
1.111657664557238,Terasort,DRL-Sched
1.180529098372774,Terasort,DRL-Sched
1.1263567219401083,Terasort,DRL-Sched
1.0102844399191395,Terasort,DRL-Sched
1.1654747007293786,Terasort,DRL-Sched
1.215200272557831,Terasort,DRL-Sched
1.192139792626103,Terasort,DRL-Sched
1.1951115802936534,Terasort,DRL-Sched
1.1516994710204942,Terasort,DRL-Sched
1.136675585933204,Terasort,DRL-Sched
1.1036667938075013,Terasort,DRL-Sched
1.1614489195129398,Terasort,DRL-Sched
1.135701116502972,Terasort,DRL-Sched
1.4049694193947988,Kmeans,PID-Sched
1.3153202249588827,Kmeans,PID-Sched
1.4237861037836095,Kmeans,PID-Sched
1.3128979128504794,Kmeans,PID-Sched
1.5771397938510574,Kmeans,PID-Sched
1.6138438079740984,Kmeans,PID-Sched
1.6539246184018974,Kmeans,PID-Sched
1.6664941999477114,Kmeans,PID-Sched
1.621561373060743,Kmeans,PID-Sched
1.6286741101559576,Kmeans,PID-Sched
1.6220264853115978,Kmeans,PID-Sched
1.684457350270235,Kmeans,PID-Sched
1.5993373729421714,Kmeans,PID-Sched
1.6775281857658486,Kmeans,PID-Sched
1.5772367723391392,Kmeans,PID-Sched
1.5964000473163027,Kmeans,PID-Sched
1.722157098617821,Kmeans,PID-Sched
1.600369913779123,Kmeans,PID-Sched
1.5602615859700766,Kmeans,PID-Sched
1.6900988438597229,Kmeans,PID-Sched
1.559058020247728,Kmeans,PID-Sched
1.6436381090730603,Kmeans,PID-Sched
1.7306260377429872,Kmeans,PID-Sched
1.8125647125429631,Kmeans,PID-Sched
1.5872386736265938,Kmeans,PID-Sched
1.7359667608007214,Kmeans,PID-Sched
1.6940967647103509,Kmeans,PID-Sched
1.5124697742976148,Kmeans,PID-Sched
1.532704252682065,Kmeans,PID-Sched
1.5639958441933122,Kmeans,PID-Sched
1.6664136390942448,Kmeans,PID-Sched
1.636206768305731,Kmeans,PID-Sched
1.7593399671564056,Kmeans,PID-Sched
1.6499521092094191,Kmeans,PID-Sched
1.68708454929627,Kmeans,PID-Sched
1.6888282736658655,Kmeans,PID-Sched
1.7476676486732918,Kmeans,PID-Sched
1.5476273516104635,Kmeans,PID-Sched
1.6761504739409994,Kmeans,PID-Sched
1.6066210302486705,Kmeans,PID-Sched
1.7039478805774186,Kmeans,PID-Sched
1.688973811565634,Kmeans,PID-Sched
1.60922529778899,Kmeans,PID-Sched
1.5568068733380334,Kmeans,PID-Sched
1.6941198109413174,Kmeans,PID-Sched
1.6214153924324255,Kmeans,PID-Sched
1.7392784214952934,Kmeans,PID-Sched
1.750477200733461,Kmeans,PID-Sched
1.8397880971996337,Kmeans,PID-Sched
1.6518506176745076,Kmeans,PID-Sched
1.5648610232976021,Kmeans,PID-Sched
1.734560824758569,Kmeans,PID-Sched
1.6688386268545454,Kmeans,PID-Sched
1.636149987774063,Kmeans,PID-Sched
1.5670298687994564,Kmeans,PID-Sched
1.5524853744568154,Kmeans,PID-Sched
1.6880094444682687,Kmeans,PID-Sched
1.6346165502362455,Kmeans,PID-Sched
1.6240349289732352,Kmeans,PID-Sched
1.6896119945699817,Kmeans,PID-Sched
1.6867664409824261,Kmeans,PID-Sched
1.7332590190901798,Kmeans,PID-Sched
1.8646886679236723,Kmeans,PID-Sched
1.7135057859590963,Kmeans,PID-Sched
1.698825129115895,Kmeans,PID-Sched
1.6705886332081126,Kmeans,PID-Sched
1.579892508240717,Kmeans,PID-Sched
1.7203063533637943,Kmeans,PID-Sched
1.5670534339662185,Kmeans,PID-Sched
1.671983156209261,Kmeans,PID-Sched
1.5419696795185742,Kmeans,PID-Sched
1.7130286194301096,Kmeans,PID-Sched
1.7798973151632087,Kmeans,PID-Sched
1.6287653978869374,Kmeans,PID-Sched
1.5861867594513237,Kmeans,PID-Sched
1.5687482568480242,Kmeans,PID-Sched
1.6437249116795365,Kmeans,PID-Sched
1.6617016293738955,Kmeans,PID-Sched
1.7243513064191716,Kmeans,PID-Sched
1.5316370476059475,Kmeans,PID-Sched
1.752805143965865,Kmeans,PID-Sched
1.6767818678550148,Kmeans,PID-Sched
1.7553299490869614,Kmeans,PID-Sched
1.8543096396825827,Kmeans,PID-Sched
1.577872037438622,Kmeans,PID-Sched
1.6380578405274473,Kmeans,PID-Sched
1.6010168445193351,Kmeans,PID-Sched
1.6576751288117688,Kmeans,PID-Sched
1.8150112715009685,Kmeans,PID-Sched
1.5702152526141602,Kmeans,PID-Sched
1.6866475596731207,Kmeans,PID-Sched
1.7572846501398818,Kmeans,PID-Sched
1.7896408589321549,Kmeans,PID-Sched
1.7848156024482997,Kmeans,PID-Sched
1.7312463700952316,Kmeans,PID-Sched
1.7692584853067408,Kmeans,PID-Sched
1.8144411896984067,Kmeans,PID-Sched
1.7358742614623337,Kmeans,PID-Sched
1.6751195664070506,Kmeans,PID-Sched
1.7548371688333655,Kmeans,PID-Sched
1.3252467991244363,PageRank,PID-Sched
1.337516019172362,PageRank,PID-Sched
1.1193014527055558,PageRank,PID-Sched
1.4514723042809508,PageRank,PID-Sched
1.3108360743308007,PageRank,PID-Sched
1.382242848788262,PageRank,PID-Sched
1.4787673249424789,PageRank,PID-Sched
1.4754621971209607,PageRank,PID-Sched
1.4750053136121084,PageRank,PID-Sched
1.4475580618220354,PageRank,PID-Sched
1.3277168184912105,PageRank,PID-Sched
1.2997861816698801,PageRank,PID-Sched
1.3005548586096634,PageRank,PID-Sched
1.5070797840683647,PageRank,PID-Sched
1.385174676765623,PageRank,PID-Sched
1.3593542900129163,PageRank,PID-Sched
1.427346959256885,PageRank,PID-Sched
1.4964051961402651,PageRank,PID-Sched
1.3019401619842979,PageRank,PID-Sched
1.4150295334539646,PageRank,PID-Sched
1.519576379685981,PageRank,PID-Sched
1.3674700970231481,PageRank,PID-Sched
1.5540474624181002,PageRank,PID-Sched
1.4324291210438886,PageRank,PID-Sched
1.3573229572924599,PageRank,PID-Sched
1.4293468956265771,PageRank,PID-Sched
1.4283094352208385,PageRank,PID-Sched
1.371151930956477,PageRank,PID-Sched
1.3463788236644154,PageRank,PID-Sched
1.386357294088471,PageRank,PID-Sched
1.4148057964466754,PageRank,PID-Sched
1.3644097832614936,PageRank,PID-Sched
1.4119566434011916,PageRank,PID-Sched
1.43362618354715,PageRank,PID-Sched
1.383464794211684,PageRank,PID-Sched
1.5445936103005264,PageRank,PID-Sched
1.485480541664581,PageRank,PID-Sched
1.3542325833504107,PageRank,PID-Sched
1.3586963315037117,PageRank,PID-Sched
1.3998464804921433,PageRank,PID-Sched
1.425949337903547,PageRank,PID-Sched
1.3891434459275882,PageRank,PID-Sched
1.414247966468088,PageRank,PID-Sched
1.421639120859047,PageRank,PID-Sched
1.3728068378853089,PageRank,PID-Sched
1.3725747557739791,PageRank,PID-Sched
1.3743723145694464,PageRank,PID-Sched
1.3798044240838827,PageRank,PID-Sched
1.3766605152957538,PageRank,PID-Sched
1.3905376158646747,PageRank,PID-Sched
1.4311702224843106,PageRank,PID-Sched
1.4844886193759406,PageRank,PID-Sched
1.4830621737709873,PageRank,PID-Sched
1.3259499679970257,PageRank,PID-Sched
1.4795490552539086,PageRank,PID-Sched
1.4174394204279228,PageRank,PID-Sched
1.4370319197551098,PageRank,PID-Sched
1.3605249136986766,PageRank,PID-Sched
1.5238053969757455,PageRank,PID-Sched
1.2859122266638991,PageRank,PID-Sched
1.391399420602937,PageRank,PID-Sched
1.403784919494381,PageRank,PID-Sched
1.433643499670396,PageRank,PID-Sched
1.3892179565420104,PageRank,PID-Sched
1.4367000268120127,PageRank,PID-Sched
1.461885519680873,PageRank,PID-Sched
1.3841146804958084,PageRank,PID-Sched
1.3897633733537855,PageRank,PID-Sched
1.2799408941063783,PageRank,PID-Sched
1.39753979747857,PageRank,PID-Sched
1.4219409899909141,PageRank,PID-Sched
1.3859895729277893,PageRank,PID-Sched
1.3002972000273851,PageRank,PID-Sched
1.3001022658019785,PageRank,PID-Sched
1.4061450991840518,PageRank,PID-Sched
1.369297016266001,PageRank,PID-Sched
1.4031025430350275,PageRank,PID-Sched
1.4487987036962835,PageRank,PID-Sched
1.3497807029109194,PageRank,PID-Sched
1.3439057792567175,PageRank,PID-Sched
1.426053237752047,PageRank,PID-Sched
1.4498996309536492,PageRank,PID-Sched
1.4126571983272025,PageRank,PID-Sched
1.4714160772508067,PageRank,PID-Sched
1.4534314270556685,PageRank,PID-Sched
1.5801793458442142,PageRank,PID-Sched
1.4460344059920631,PageRank,PID-Sched
1.4146522353619353,PageRank,PID-Sched
1.3382809842960297,PageRank,PID-Sched
1.3907140893278778,PageRank,PID-Sched
1.374848524678659,PageRank,PID-Sched
1.3714581907135044,PageRank,PID-Sched
1.3586127640720835,PageRank,PID-Sched
1.432213082588616,PageRank,PID-Sched
1.3845886694068608,PageRank,PID-Sched
1.4322302027510296,PageRank,PID-Sched
1.3152313544835148,PageRank,PID-Sched
1.6297204929148723,PageRank,PID-Sched
1.6857813233874186,PageRank,PID-Sched
1.4736408232177494,PageRank,PID-Sched
1.1515809154711212,Terasort,PID-Sched
1.1863819955785766,Terasort,PID-Sched
1.2195563359907595,Terasort,PID-Sched
1.231545937255132,Terasort,PID-Sched
1.2345016049516686,Terasort,PID-Sched
1.198874928144694,Terasort,PID-Sched
1.2422310520699564,Terasort,PID-Sched
1.2943984425027453,Terasort,PID-Sched
1.2638961086272547,Terasort,PID-Sched
1.2815116390031782,Terasort,PID-Sched
1.2686132583355518,Terasort,PID-Sched
1.1895871713835484,Terasort,PID-Sched
1.2511327927814435,Terasort,PID-Sched
1.2812657640716516,Terasort,PID-Sched
1.1944247482641976,Terasort,PID-Sched
1.2850218325024911,Terasort,PID-Sched
1.1954692176306017,Terasort,PID-Sched
1.290538188611968,Terasort,PID-Sched
1.3268431561337317,Terasort,PID-Sched
1.2298431886421846,Terasort,PID-Sched
1.2323034121681071,Terasort,PID-Sched
1.1721278146016474,Terasort,PID-Sched
1.2088584561283193,Terasort,PID-Sched
1.2780425793314512,Terasort,PID-Sched
1.2722337708387192,Terasort,PID-Sched
1.2637724972144584,Terasort,PID-Sched
1.274067694134341,Terasort,PID-Sched
1.2926336424988587,Terasort,PID-Sched
1.2720448916844982,Terasort,PID-Sched
1.2728149567523275,Terasort,PID-Sched
1.317212086572922,Terasort,PID-Sched
1.2205467716131797,Terasort,PID-Sched
1.1645070268416051,Terasort,PID-Sched
1.2127617274778832,Terasort,PID-Sched
1.2367741489322994,Terasort,PID-Sched
1.1770247699492702,Terasort,PID-Sched
1.2739619674368767,Terasort,PID-Sched
1.311759707761954,Terasort,PID-Sched
1.2504313824794933,Terasort,PID-Sched
1.1887562383169086,Terasort,PID-Sched
1.3753213215918525,Terasort,PID-Sched
1.2133018462589384,Terasort,PID-Sched
1.2717500272834121,Terasort,PID-Sched
1.3218769184505752,Terasort,PID-Sched
1.2919848451434277,Terasort,PID-Sched
1.2739663154914078,Terasort,PID-Sched
1.2660734305335843,Terasort,PID-Sched
1.2627761243493028,Terasort,PID-Sched
1.2330570617823773,Terasort,PID-Sched
1.2054958946535352,Terasort,PID-Sched
1.2363700083791098,Terasort,PID-Sched
1.1859029437417152,Terasort,PID-Sched
1.2787205444065581,Terasort,PID-Sched
1.3822733699870071,Terasort,PID-Sched
1.2647908656090567,Terasort,PID-Sched
1.3713649931510732,Terasort,PID-Sched
1.273115126694101,Terasort,PID-Sched
1.3119033737390369,Terasort,PID-Sched
1.2923234034018378,Terasort,PID-Sched
1.1875245769800773,Terasort,PID-Sched
1.2431119034262421,Terasort,PID-Sched
1.2415085080023518,Terasort,PID-Sched
1.192502083860043,Terasort,PID-Sched
1.377569418445404,Terasort,PID-Sched
1.2177471089933274,Terasort,PID-Sched
1.1981745047056496,Terasort,PID-Sched
1.2491531344901847,Terasort,PID-Sched
1.236158924676116,Terasort,PID-Sched
1.273165176346752,Terasort,PID-Sched
1.3295690340686224,Terasort,PID-Sched
1.2006172344641666,Terasort,PID-Sched
1.2042815620576208,Terasort,PID-Sched
1.1796436017298075,Terasort,PID-Sched
1.359290002239084,Terasort,PID-Sched
1.3848595503731833,Terasort,PID-Sched
1.2131076497071909,Terasort,PID-Sched
1.238524702170469,Terasort,PID-Sched
1.248009286067576,Terasort,PID-Sched
1.2373792589415196,Terasort,PID-Sched
1.2585800738216242,Terasort,PID-Sched
1.2463516716811087,Terasort,PID-Sched
1.2785707006947429,Terasort,PID-Sched
1.3186588692312924,Terasort,PID-Sched
1.2665011354926867,Terasort,PID-Sched
1.3307314070416596,Terasort,PID-Sched
1.174428057290557,Terasort,PID-Sched
1.2315626723077404,Terasort,PID-Sched
1.2732223501771125,Terasort,PID-Sched
1.230679203943965,Terasort,PID-Sched
1.1360484194997154,Terasort,PID-Sched
1.1601029319058547,Terasort,PID-Sched
1.2484819335473623,Terasort,PID-Sched
1.3021024536465793,Terasort,PID-Sched
1.243348602144914,Terasort,PID-Sched
1.34840063831616,Terasort,PID-Sched
1.314877441807516,Terasort,PID-Sched
1.274519634385598,Terasort,PID-Sched
1.3898738774095534,Terasort,PID-Sched
1.3096447117454642,Terasort,PID-Sched
1.1641450633277401,Terasort,PID-Sched
